Address,Country,Latitude,Longitude,Address found
54 Aminya Street Mansfield 4122,,-27.5393728,153.1006151,"54 Aminya St, Mansfield QLD 4122, Australia"
58 Aminya Street Mansfield 4122,,-27.5393878,153.1008912,"58 Aminya St, Mansfield QLD 4122, Australia"
34 Arura Street Mansfield 4122,,-27.5373137,153.0988668,"34 Arura St, Mansfield QLD 4122, Australia"
36 Arura Street Mansfield 4122,,-27.5375161,153.0988208,"36 Arura St, Mansfield QLD 4122, Australia"
42 Arura Street Mansfield 4122,,-27.538048,153.0987288,"42 Arura St, Mansfield QLD 4122, Australia"
43 Arura Street Mansfield 4122,,-27.5377171,153.0983607,"43 Arura St, Mansfield QLD 4122, Australia"
49 Arura Street Mansfield 4122,,-27.538197,153.0982227,"49 Arura St, Mansfield QLD 4122, Australia"
10 Atrina Street Mansfield 4122,,-27.5380465,153.1011672,"10 Atrina St, Mansfield QLD 4122, Australia"
11 Atrina Street Mansfield 4122,,-27.5381108,153.1006611,"11 Atrina St, Mansfield QLD 4122, Australia"
13 Atrina Street Mansfield 4122,,-27.5383323,153.1007071,"13 Atrina St, Mansfield QLD 4122, Australia"
37 Cresthaven Drive Mansfield 4122,,-27.5409781,153.0989588,"37 Cresthaven Dr, Mansfield QLD 4122, Australia"
41 Cresthaven Drive Mansfield 4122,,-27.5408412,153.0990225,"41 Cresthaven Dr, Mansfield QLD 4122, Australia"
42 Cresthaven Drive Mansfield 4122,,-27.5403929,153.0985908,"42 Cresthaven Dr, Mansfield QLD 4122, Australia"
43 Cresthaven Drive Mansfield 4122,,-27.5406158,153.0990509,"43 Cresthaven Dr, Mansfield QLD 4122, Australia"
47 Cresthaven Drive Mansfield 4122,,-27.5402439,153.0990969,"47 Cresthaven Dr, Mansfield QLD 4122, Australia"
22 Greenmeadow Road Mansfield 4122,,-27.5256897,153.0979789,"22 Greenmeadow Rd, Mansfield QLD 4122, Australia"
24 Greenmeadow Road Mansfield 4122,,-27.5255623,153.0980932,"24 Greenmeadow Rd, Mansfield QLD 4122, Australia"
26 Greenmeadow Road Mansfield 4122,,-27.5254901,153.0982687,"26 Greenmeadow Rd, Mansfield QLD 4122, Australia"
61 Greenmeadow Road Mansfield 4122,,-27.5260293,153.0983626,"61 Greenmeadow Rd, Mansfield QLD 4122, Australia"
63 Greenmeadow Road Mansfield 4122,,-27.525877,153.0984988,"63 Greenmeadow Rd, Mansfield QLD 4122, Australia"
65 Greenmeadow Road Mansfield 4122,,-27.5258342,153.0986492,"65 Greenmeadow Rd, Mansfield QLD 4122, Australia"
2 Liatoki Street Mansfield 4122,,-27.5394662,153.1017487,"2 Liatoki St, Mansfield QLD 4122, Australia"
4 Liatoki Street Mansfield 4122,,-27.5394808,153.1019494,"4 Liatoki St, Mansfield QLD 4122, Australia"
1 Lilyvale Street Mansfield 4122,,-27.5271295,153.0989401,"1 Lilyvale St, Mansfield QLD 4122, Australia"
3 Lilyvale Street Mansfield 4122,,-27.5269757,153.0989631,"3 Lilyvale St, Mansfield QLD 4122, Australia"
7 Nucella Street Mansfield 4122,,-27.5377129,153.099971,"7 Nucella St, Mansfield QLD 4122, Australia"
8 Nucella Street Mansfield 4122,,-27.5377238,153.1004311,"8 Nucella St, Mansfield QLD 4122, Australia"
9 Nucella Street Mansfield 4122,,-27.5378729,153.099925,"9 Nucella St, Mansfield QLD 4122, Australia"
10 Nucella Street Mansfield 4122,,-27.5379686,153.1003851,"10 Nucella St, Mansfield QLD 4122, Australia"
12 Nucella Street Mansfield 4122,,-27.5380862,153.1003391,"12 Nucella St, Mansfield QLD 4122, Australia"
14 Nucella Street Mansfield 4122,,-27.5382885,153.1002931,"14 Nucella St, Mansfield QLD 4122, Australia"
15 Nucella Street Mansfield 4122,,-27.5382448,153.099879,"15 Nucella St, Mansfield QLD 4122, Australia"
4 Olivella Street Mansfield 4122,,-27.5382844,153.09865,"4 Olivella St, Mansfield QLD 4122, Australia"
14 Olivella Street Mansfield 4122,,-27.5384603,153.0998569,"14 Olivella St, Mansfield QLD 4122, Australia"
21 Olivella Street Mansfield 4122,,-27.5390009,153.1006611,"21 Olivella St, Mansfield QLD 4122, Australia"
24 Olivella Street Mansfield 4122,,-27.5386016,153.1009832,"24 Olivella St, Mansfield QLD 4122, Australia"
25 Olivella Street Mansfield 4122,,-27.5390542,153.1011212,"25 Olivella St, Mansfield QLD 4122, Australia"
22 Hockings Street Holland Park West 4121,,-27.5284431,153.0690577,"22 Hockings St, Holland Park West QLD 4121, Australia"
2 Fulton Street Wishart 4122,,-27.5649192,153.0886145,"2 Fulton St, Wishart QLD 4122, Australia"
12 Fulton Street Wishart 4122,,-27.5650537,153.0898034,"12 Fulton St, Wishart QLD 4122, Australia"
16 Fulton Street Wishart 4122,,-27.5651303,153.0901715,"16 Fulton St, Wishart QLD 4122, Australia"
11 Midwood Street Wishart 4122,,-27.562388,153.0895001,"11 Midwood St, Wishart QLD 4122, Australia"
8 Nev Close Wishart 4122,,-27.5499128,153.1061388,"8 Nev Cl, Wishart QLD 4122, Australia"
19 Shillington Place Wishart 4122,,-27.5483354,153.1064123,"19 Shillington Pl, Wishart QLD 4122, Australia"
211 Wishart Road Wishart 4122,,-27.5475477,153.0925408,"211 Wishart Rd, Wishart QLD 4122, Australia"
213 Wishart Road Wishart 4122,,-27.5475176,153.0927018,"213 Wishart Rd, Wishart QLD 4122, Australia"
215 Wishart Road Wishart 4122,,-27.5475559,153.0928859,"215 Wishart Rd, Wishart QLD 4122, Australia"
217 Wishart Road Wishart 4122,,-27.5475518,153.0930699,"217 Wishart Rd, Wishart QLD 4122, Australia"
227 Wishart Road Wishart 4122,,-27.5476654,153.093921,"227 Wishart Rd, Wishart QLD 4122, Australia"
242 Wishart Road Wishart 4122,,-27.5472005,153.093622,"242 Wishart Rd, Wishart QLD 4122, Australia"
246 Wishart Road Wishart 4122,,-27.5472292,153.09376,"246 Wishart Rd, Wishart QLD 4122, Australia"
273 Wishart Road Wishart 4122,,-27.5478021,153.0946801,"273 Wishart Rd, Wishart QLD 4122, Australia"
149 Boundary Road Coorparoo 4151,,-27.5010113,153.0753357,"149 Boundary Rd, Coorparoo QLD 4151, Australia"
298 Chatsworth Road Coorparoo 4151,,-27.5038351,153.0681357,"298 Chatsworth Rd, Coorparoo QLD 4151, Australia"
302 Chatsworth Road Coorparoo 4151,,-27.5037288,153.0683518,"302 Chatsworth Rd, Coorparoo QLD 4151, Australia"
18 Doyle Street Coorparoo 4151,,-27.5027659,153.0695157,"18 Doyle St, Coorparoo QLD 4151, Australia"
15 Esmonde Place Coorparoo 4151,,-27.5026196,153.0679977,"15 Esmonde Pl, Coorparoo QLD 4151, Australia"
35 Esmonde Place Coorparoo 4151,,-27.5035152,153.0682277,"35 Esmonde Pl, Coorparoo QLD 4151, Australia"
30 Gristock Street Coorparoo 4151,,-27.5036273,153.0679517,"30 Gristock St, Coorparoo QLD 4151, Australia"
25 Kanumbra Street Coorparoo 4151,,-27.5071269,153.0611436,"25 Kanumbra St, Coorparoo QLD 4151, Australia"
4 Orion Street Coorparoo 4151,,-27.5062452,153.0684593,"4 Orion St, Coorparoo QLD 4151, Australia"
133 Beddoes Street Holland Park 4121,,-27.5223757,153.074944,"133 Beddoes St, Holland Park QLD 4121, Australia"
135 Beddoes Street Holland Park 4121,,-27.5223443,153.075149,"135 Beddoes St, Holland Park QLD 4121, Australia"
139 Beddoes Street Holland Park 4121,,-27.522169,153.0754159,"139 Beddoes St, Holland Park QLD 4121, Australia"
31 Cradock Street Holland Park 4121,,-27.5211982,153.074092,"31 Cradock St, Holland Park QLD 4121, Australia"
41 Cradock Street Holland Park 4121,,-27.522035,153.0748113,"41 Cradock St, Holland Park QLD 4121, Australia"
12 Dobbie Street Holland Park 4121,,-27.5209959,153.0721839,"12 Dobbie St, Holland Park QLD 4121, Australia"
16 Dobbie Street Holland Park 4121,,-27.5211422,153.0722759,"16 Dobbie St, Holland Park QLD 4121, Australia"
18 Dobbie Street Holland Park 4121,,-27.5212331,153.0723564,"18 Dobbie St, Holland Park QLD 4121, Australia"
20 Dobbie Street Holland Park 4121,,-27.52135,153.0724599,"20 Dobbie St, Holland Park QLD 4121, Australia"
21 Dobbie Street Holland Park 4121,,-27.5215085,153.0719999,"21 Dobbie St, Holland Park QLD 4121, Australia"
26 Dobbie Street Holland Park 4121,,-27.5216132,153.0726554,"26 Dobbie St, Holland Park QLD 4121, Australia"
29 Dobbie Street Holland Park 4121,,-27.5219338,153.0724139,"29 Dobbie St, Holland Park QLD 4121, Australia"
31 Dobbie Street Holland Park 4121,,-27.5220705,153.0724599,"31 Dobbie St, Holland Park QLD 4121, Australia"
32 Dobbie Street Holland Park 4121,,-27.5219462,153.0729314,"32 Dobbie St, Holland Park QLD 4121, Australia"
33 Dobbie Street Holland Park 4121,,-27.5221953,153.072511,"33 Dobbie St, Holland Park QLD 4121, Australia"
26 Hector Road Holland Park 4121,,-27.523061,153.0798664,"26 Hector Rd, Holland Park QLD 4121, Australia"
26 Macklin Street Holland Park 4121,,-27.5204178,153.075312,"26 Macklin St, Holland Park QLD 4121, Australia"
389 Nursery Road Holland Park 4121,,-27.5244755,153.0799199,"389 Nursery Rd, Holland Park QLD 4121, Australia"
414 Nursery Road Holland Park 4121,,-27.5236981,153.0802804,"414 Nursery Rd, Holland Park QLD 4121, Australia"
12 Rowton Street Holland Park 4121,,-27.5206268,153.0730579,"12 Rowton St, Holland Park QLD 4121, Australia"
14 Rowton Street Holland Park 4121,,-27.5207307,153.0731499,"14 Rowton St, Holland Park QLD 4121, Australia"
18 Rowton Street Holland Park 4121,,-27.5209679,153.0733224,"18 Rowton St, Holland Park QLD 4121, Australia"
20 Rowton Street Holland Park 4121,,-27.5210849,153.0734259,"20 Rowton St, Holland Park QLD 4121, Australia"
24 Rowton Street Holland Park 4121,,-27.5213351,153.0736099,"24 Rowton St, Holland Park QLD 4121, Australia"
73 Seville Road Holland Park 4121,,-27.5231232,153.0718158,"73 Seville Rd, Holland Park QLD 4121, Australia"
6 Steele Street Holland Park 4121,,-27.5278116,153.0719877,"6 Steele St, Holland Park QLD 4121, Australia"
10 Aemilia Avenue Seven Hills 4170,,-27.478622,153.0691937,"10 Aemilia Ave, Seven Hills QLD 4170, Australia"
36 Appia Avenue Seven Hills 4170,,-27.4799299,153.07001,"36 Appia Ave, Seven Hills QLD 4170, Australia"
40 Appia Avenue Seven Hills 4170,,-27.4796562,153.0695464,"40 Appia Ave, Seven Hills QLD 4170, Australia"
44 Appia Avenue Seven Hills 4170,,-27.4792783,153.0696998,"44 Appia Ave, Seven Hills QLD 4170, Australia"
122 Darcy Road Seven Hills 4170,,-27.479029,153.0727819,"122 D'Arcy Rd, Seven Hills QLD 4170, Australia"
124 Darcy Road Seven Hills 4170,,-27.4790672,153.0729659,"124 D'Arcy Rd, Seven Hills QLD 4170, Australia"
126 Darcy Road Seven Hills 4170,,-27.4790631,153.0731499,"126 D'Arcy Rd, Seven Hills QLD 4170, Australia"
21 Kensington Avenue Seven Hills 4170,,-27.4776303,153.0713558,"21 Kensington Ave, Seven Hills QLD 4170, Australia"
23 Kensington Avenue Seven Hills 4170,,-27.4775126,153.0714018,"23 Kensington Ave, Seven Hills QLD 4170, Australia"
26 Majestic Outlook Seven Hills 4170,,-27.4813457,153.0710798,"26 Majestic Outlook, Seven Hills QLD 4170, Australia"
30 Majestic Outlook Seven Hills 4170,,-27.4811898,153.0709418,"30 Majestic Outlook, Seven Hills QLD 4170, Australia"
88 Majestic Outlook Seven Hills 4170,,-27.4801918,153.0696077,"88 Majestic Outlook, Seven Hills QLD 4170, Australia"
12 Marshall Avenue Seven Hills 4170,,-27.4773911,153.0702058,"12 Marshall Ave, Seven Hills QLD 4170, Australia"
16 Marshall Avenue Seven Hills 4170,,-27.4775046,153.0703438,"16 Marshall Ave, Seven Hills QLD 4170, Australia"
18 Marshall Avenue Seven Hills 4170,,-27.4775757,153.0704818,"18 Marshall Ave, Seven Hills QLD 4170, Australia"
136 Oateson Skyline Drive Seven Hills 4170,,-27.4808448,153.0722269,"136 Oateson Skyline Dr, Seven Hills QLD 4170, Australia"
155 Oateson Skyline Drive Seven Hills 4170,,-27.4799329,153.0726439,"155 Oateson Skyline Dr, Seven Hills QLD 4170, Australia"
157 Oateson Skyline Drive Seven Hills 4170,,-27.4797538,153.0725979,"157 Oateson Skyline Dr, Seven Hills QLD 4170, Australia"
164 Oateson Skyline Drive Seven Hills 4170,,-27.4799154,153.0716657,"164 Oateson Skyline Dr, Seven Hills QLD 4170, Australia"
172 Oateson Skyline Drive Seven Hills 4170,,-27.4796664,153.0717698,"172 Oateson Skyline Dr, Seven Hills QLD 4170, Australia"
7 Ara Street Camp Hill 4152,,-27.5019645,153.0764621,"7 Ara St, Camp Hill QLD 4152, Australia"
24 Ara Street Camp Hill 4152,,-27.5016302,153.0777334,"24 Ara St, Camp Hill QLD 4152, Australia"
32 Ara Street Camp Hill 4152,,-27.5017213,153.0783691,"32 Ara St, Camp Hill QLD 4152, Australia"
12 Arrol Street Camp Hill 4152,,-27.492515,153.0819826,"12 Arrol St, Camp Hill QLD 4152, Australia"
12 Brooks Street Camp Hill 4152,,-27.4975604,153.081759,"12 Brooks St, Camp Hill QLD 4152, Australia"
14 Brooks Street Camp Hill 4152,,-27.4977333,153.0817985,"14 Brooks St, Camp Hill QLD 4152, Australia"
19 Brooks Street Camp Hill 4152,,-27.4976747,153.0811325,"19 Brooks St, Camp Hill QLD 4152, Australia"
27 Brooks Street Camp Hill 4152,,-27.4982913,153.0810165,"27 Brooks St, Camp Hill QLD 4152, Australia"
48 Brooks Street Camp Hill 4152,,-27.4997667,153.0813845,"48 Brooks St, Camp Hill QLD 4152, Australia"
62 Brooks Street Camp Hill 4152,,-27.5008634,153.0811545,"62 Brooks St, Camp Hill QLD 4152, Australia"
74 Burn Street Camp Hill 4152,,-27.4975622,153.0828106,"74 Burn St, Camp Hill QLD 4152, Australia"
81 Burn Street Camp Hill 4152,,-27.4980737,153.0822126,"81 Burn St, Camp Hill QLD 4152, Australia"
107 Burn Street Camp Hill 4152,,-27.4994248,153.0819826,"107 Burn St, Camp Hill QLD 4152, Australia"
12 Cedlen Street Camp Hill 4152,,-27.4980069,153.0804644,"12 Cedlen St, Camp Hill QLD 4152, Australia"
14 Errey Street Camp Hill 4152,,-27.4910527,153.0843288,"14 Errey St, Camp Hill QLD 4152, Australia"
18 Errey Street Camp Hill 4152,,-27.4909406,153.0846048,"18 Errey St, Camp Hill QLD 4152, Australia"
75 Long Street Camp Hill 4152,,-27.498317,153.0831787,"75 Long St, Camp Hill QLD 4152, Australia"
79 Long Street Camp Hill 4152,,-27.4985618,153.0831327,"79 Long St, Camp Hill QLD 4152, Australia"
81 Long Street Camp Hill 4152,,-27.4987149,153.0831557,"81 Long St, Camp Hill QLD 4152, Australia"
82 Long Street Camp Hill 4152,,-27.498667,153.0836387,"82 Long St, Camp Hill QLD 4152, Australia"
86 Long Street Camp Hill 4152,,-27.4989756,153.0836899,"86 Long St, Camp Hill QLD 4152, Australia"
10 Orwell Street Camp Hill 4152,,-27.4925243,153.0834547,"10 Orwell St, Camp Hill QLD 4152, Australia"
14 Orwell Street Camp Hill 4152,,-27.4923643,153.0835007,"14 Orwell St, Camp Hill QLD 4152, Australia"
35 Orwell Street Camp Hill 4152,,-27.4909248,153.0836367,"35 Orwell St, Camp Hill QLD 4152, Australia"
47 Orwell Street Camp Hill 4152,,-27.4907521,153.0830867,"47 Orwell St, Camp Hill QLD 4152, Australia"
35 Pavo Street Camp Hill 4152,,-27.5025907,153.0778422,"35 Pavo St, Camp Hill QLD 4152, Australia"
41 Pavo Street Camp Hill 4152,,-27.5025074,153.0768301,"41 Pavo St, Camp Hill QLD 4152, Australia"
9 Prout Street Camp Hill 4152,,-27.4987895,153.07685,"9 Prout St, Camp Hill QLD 4152, Australia"
48 Prout Street Camp Hill 4152,,-27.4988,153.0803691,"48 Prout St, Camp Hill QLD 4152, Australia"
38 Thomas Street Camp Hill 4152,,-27.5013614,153.0778422,"38 Thomas St, Camp Hill QLD 4152, Australia"
20 Kuring-gai Avenue Tarragindi 4121,,-27.5273668,153.0552527,"20 Kuring Gai Ave, Tarragindi QLD 4121, Australia"
25 Kuring-gai Avenue Tarragindi 4121,,-27.5271978,153.0547497,"25 Kuring Gai Ave, Tarragindi QLD 4121, Australia"
31 Kuring-gai Avenue Tarragindi 4121,,-27.5273617,153.0545197,"31 Kuring Gai Ave, Tarragindi QLD 4121, Australia"
35 Kuring-gai Avenue Tarragindi 4121,,-27.5274601,153.0543817,"35 Kuring Gai Ave, Tarragindi QLD 4121, Australia"
36 Kuring-gai Avenue Tarragindi 4121,,-27.5285317,153.0538298,"36 Kuring Gai Ave, Tarragindi QLD 4121, Australia"
41 Kuring-gai Avenue Tarragindi 4121,,-27.5276241,153.0541517,"41 Kuring Gai Ave, Tarragindi QLD 4121, Australia"
59 Kuring-gai Avenue Tarragindi 4121,,-27.5281448,153.0535998,"59 Kuring Gai Ave, Tarragindi QLD 4121, Australia"
55 Landor Street Tarragindi 4121,,-27.5225738,153.048218,"55 Landor St, Tarragindi QLD 4121, Australia"
357 Marshall Road Tarragindi 4121,,-27.5315731,153.0460562,"357 Marshall Rd, Tarragindi QLD 4121, Australia"
365 Marshall Road Tarragindi 4121,,-27.5318026,153.0457342,"365 Marshall Rd, Tarragindi QLD 4121, Australia"
370 Marshall Road Tarragindi 4121,,-27.5319273,153.0463322,"370 Marshall Rd, Tarragindi QLD 4121, Australia"
374 Marshall Road Tarragindi 4121,,-27.5320203,153.0461219,"374 Marshall Rd, Tarragindi QLD 4121, Australia"
24A Monash Road Tarragindi 4121,,-27.5333745,153.0455502,"24A Monash Rd, Tarragindi QLD 4121, Australia"
30 Monash Road Tarragindi 4121,,-27.5335304,153.0456882,"30 Monash Rd, Tarragindi QLD 4121, Australia"
34 Monash Road Tarragindi 4121,,-27.5337095,153.0457342,"34 Monash Rd, Tarragindi QLD 4121, Australia"
23 Orford Street Tarragindi 4121,,-27.5209236,153.0476201,"23 Orford St, Tarragindi QLD 4121, Australia"
28 Orford Street Tarragindi 4121,,-27.5211445,153.0480565,"28 Orford St, Tarragindi QLD 4121, Australia"
34 Orford Street Tarragindi 4121,,-27.5215823,153.0479721,"34 Orford St, Tarragindi QLD 4121, Australia"
36 Orford Street Tarragindi 4121,,-27.5217439,153.0478961,"36 Orford St, Tarragindi QLD 4121, Australia"
38 Orford Street Tarragindi 4121,,-27.5218815,153.0479133,"38 Orford St, Tarragindi QLD 4121, Australia"
39 Orford Street Tarragindi 4121,,-27.5218599,153.0474361,"39 Orford St, Tarragindi QLD 4121, Australia"
40 Orford Street Tarragindi 4121,,-27.5220309,153.0478501,"40 Orford St, Tarragindi QLD 4121, Australia"
42 Orford Street Tarragindi 4121,,-27.5221909,153.0478041,"42 Orford St, Tarragindi QLD 4121, Australia"
44 Orford Street Tarragindi 4121,,-27.5223508,153.0477581,"44 Orford St, Tarragindi QLD 4121, Australia"
45 Orford Street Tarragindi 4121,,-27.5222058,153.0473671,"45 Orford St, Tarragindi QLD 4121, Australia"
46 Orford Street Tarragindi 4121,,-27.5224779,153.0477581,"46 Orford St, Tarragindi QLD 4121, Australia"
21 Prior Street Tarragindi 4121,,-27.5313455,153.0443543,"21 Prior St, Tarragindi QLD 4121, Australia"
52 Toohey Road Tarragindi 4121,,-27.5208469,153.0472521,"52 Toohey Rd, Tarragindi QLD 4121, Australia"
89 Toohey Road Tarragindi 4121,,-27.5221768,153.0465162,"89 Toohey Rd, Tarragindi QLD 4121, Australia"
93 Toohey Road Tarragindi 4121,,-27.5223039,153.0465162,"93 Toohey Rd, Tarragindi QLD 4121, Australia"
105 Toohey Road Tarragindi 4121,,-27.5227413,153.0463782,"105 Toohey Rd, Tarragindi QLD 4121, Australia"
109 Toohey Road Tarragindi 4121,,-27.5228684,153.0463782,"109 Toohey Rd, Tarragindi QLD 4121, Australia"
120 Toohey Road Tarragindi 4121,,-27.5235056,153.0467921,"120 Toohey Rd, Tarragindi QLD 4121, Australia"
131 Toohey Road Tarragindi 4121,,-27.5240271,153.046134,"131 Toohey Rd, Tarragindi QLD 4121, Australia"
124 Toohey Road Tarragindi 4121,,-27.5236819,153.0467231,"124 Toohey Rd, Tarragindi QLD 4121, Australia"
299 Toohey Road Tarragindi 4121,,-27.5314582,153.0447667,"299 Toohey Rd, Tarragindi QLD 4121, Australia"
325 Toohey Road Tarragindi 4121,,-27.5326975,153.0445383,"325 Toohey Rd, Tarragindi QLD 4121, Australia"
327 Toohey Road Tarragindi 4121,,-27.5328246,153.0445383,"327 Toohey Rd, Tarragindi QLD 4121, Australia"
360 Toohey Road Tarragindi 4121,,-27.5351908,153.0446073,"360 Toohey Rd, Tarragindi QLD 4121, Australia"
133 Weller Road Tarragindi 4121,,-27.5239722,153.048218,"133 Weller Rd, Tarragindi QLD 4121, Australia"
170 Weller Road Tarragindi 4121,,-27.5244319,153.0461357,"170 Weller Rd, Tarragindi QLD 4121, Australia"
172 Weller Road Tarragindi 4121,,-27.5244253,153.0459182,"172 Weller Rd, Tarragindi QLD 4121, Australia"
176 Weller Road Tarragindi 4121,,-27.5243363,153.0457457,"176 Weller Rd, Tarragindi QLD 4121, Australia"
5 Allambie Street Carina 4152,,-27.4884716,153.0874111,"5 Allambie St, Carina QLD 4152, Australia"
30 Allambie Street Carina 4152,,-27.4894877,153.0877352,"30 Allambie St, Carina QLD 4152, Australia"
4 Broadway Street Carina 4152,,-27.4885971,153.0884233,"4 Broadway St, Carina QLD 4152, Australia"
3 Florence Street Carina 4152,,-27.4882015,153.0899875,"3 Florence St, Carina QLD 4152, Australia"
8 Hendren Street Carina 4152,,-27.4864076,153.0886993,"8 Hendren St, Carina QLD 4152, Australia"
23 Lunga Street Carina 4152,,-27.4869151,153.0882853,"23 Lunga St, Carina QLD 4152, Australia"
41 Lunga Street Carina 4152,,-27.4858086,153.0884693,"41 Lunga St, Carina QLD 4152, Australia"
142 Mayfield Road Carina 4152,,-27.4886498,153.0903544,"142 Mayfield Rd, Carina QLD 4152, Australia"
160 Stanley Road Carina 4152,,-27.4877013,153.0868585,"160 Stanley Rd, Carina QLD 4152, Australia"
162 Stanley Road Carina 4152,,-27.4877591,153.0870431,"162 Stanley Rd, Carina QLD 4152, Australia"
164 Stanley Road Carina 4152,,-27.4877878,153.0871811,"164 Stanley Rd, Carina QLD 4152, Australia"
194 Stanley Road Carina 4152,,-27.4881387,153.0894814,"194 Stanley Rd, Carina QLD 4152, Australia"
195 Stanley Road Carina 4152,,-27.4884616,153.0887913,"195 Stanley Rd, Carina QLD 4152, Australia"
210 Stanley Road Carina 4152,,-27.4882302,153.0901255,"210 Stanley Rd, Carina QLD 4152, Australia"
214 Stanley Road Carina 4152,,-27.4882547,153.0904475,"214 Stanley Rd, Carina QLD 4152, Australia"
215 Stanley Road Carina 4152,,-27.4885776,153.0897574,"215 Stanley Rd, Carina QLD 4152, Australia"
7 Barford Street Moorooka 4105,,-27.5350592,153.0329016,"7 Barford St, Moorooka QLD 4105, Australia"
10 Barford Street Moorooka 4105,,-27.5347354,153.0331775,"10 Barford St, Moorooka QLD 4105, Australia"
12 Barford Street Moorooka 4105,,-27.5348393,153.0332695,"12 Barford St, Moorooka QLD 4105, Australia"
16 Barford Street Moorooka 4105,,-27.5348777,153.0334535,"16 Barford St, Moorooka QLD 4105, Australia"
22 Barford Street Moorooka 4105,,-27.5349776,153.0337295,"22 Barford St, Moorooka QLD 4105, Australia"
24 Barford Street Moorooka 4105,,-27.5349736,153.0339134,"24 Barford St, Moorooka QLD 4105, Australia"
4 Charmaine Street Moorooka 4105,,-27.5362496,153.0327176,"4 Charmaine St, Moorooka QLD 4105, Australia"
7 Charmaine Street Moorooka 4105,,-27.5368428,153.0327176,"7 Charmaine St, Moorooka QLD 4105, Australia"
8 Charmaine Street Moorooka 4105,,-27.5363919,153.0329936,"8 Charmaine St, Moorooka QLD 4105, Australia"
9 Charmaine Street Moorooka 4105,,-27.5370732,153.0329591,"9 Charmaine St, Moorooka QLD 4105, Australia"
10 Charmaine Street Moorooka 4105,,-27.5365286,153.0330395,"10 Charmaine St, Moorooka QLD 4105, Australia"
6 Feldt Street Moorooka 4105,,-27.5351211,153.0312688,"6 Feldt St, Moorooka QLD 4105, Australia"
7 Feldt Street Moorooka 4105,,-27.5352103,153.0317977,"7 Feldt St, Moorooka QLD 4105, Australia"
159 Mayfield Road Moorooka 4105,,-27.5342733,153.0329936,"159 Mayfield Rd, Moorooka QLD 4105, Australia"
163 Mayfield Road Moorooka 4105,,-27.5343213,153.0332235,"163 Mayfield Rd, Moorooka QLD 4105, Australia"
6 Rachael Street Moorooka 4105,,-27.5355325,153.0335455,"6 Rachael St, Moorooka QLD 4105, Australia"
10 Rachael Street Moorooka 4105,,-27.5356923,153.0334995,"10 Rachael St, Moorooka QLD 4105, Australia"
12 Rachael Street Moorooka 4105,,-27.5358291,153.0335455,"12 Rachael St, Moorooka QLD 4105, Australia"
14 Rachael Street Moorooka 4105,,-27.5360601,153.0336375,"14 Rachael St, Moorooka QLD 4105, Australia"
16 Rachael Street Moorooka 4105,,-27.5360985,153.0338214,"16 Rachael St, Moorooka QLD 4105, Australia"
18 Rachael Street Moorooka 4105,,-27.5360425,153.0339594,"18 Rachael St, Moorooka QLD 4105, Australia"
349 Tarragindi Road Moorooka 4105,,-27.5354565,153.0321657,"349 Tarragindi Rd, Moorooka QLD 4105, Australia"
359 Tarragindi Road Moorooka 4105,,-27.5359458,153.0320737,"359 Tarragindi Rd, Moorooka QLD 4105, Australia"
363 Tarragindi Road Moorooka 4105,,-27.5361057,153.0320277,"363 Tarragindi Rd, Moorooka QLD 4105, Australia"
367 Tarragindi Road Moorooka 4105,,-27.5362752,153.0320277,"367 Tarragindi Rd, Moorooka QLD 4105, Australia"
379 Tarragindi Road Moorooka 4105,,-27.5367836,153.0320277,"379 Tarragindi Rd, Moorooka QLD 4105, Australia"
21 Cairo Street Enoggera 4051,,-27.4211618,152.9901409,"21 Cairo St, Enoggera QLD 4051, Australia"
1 Gizeh Street Enoggera 4051,,-27.4209683,152.98969,"1 Gizeh St, Enoggera QLD 4051, Australia"
5 Gizeh Street Enoggera 4051,,-27.4209204,152.98946,"5 Gizeh St, Enoggera QLD 4051, Australia"
4 Malcolm Street Enoggera 4051,,-27.4230049,152.9884971,"4 Malcolm St, Enoggera QLD 4051, Australia"
178 Samford Road Enoggera 4051,,-27.4231647,152.9921231,"178 Samford Rd, Enoggera QLD 4051, Australia"
317 Wardell Street Enoggera 4051,,-27.4231772,152.9908887,"317 Wardell St, Enoggera QLD 4051, Australia"
368 Wardell Street Enoggera 4051,,-27.4204155,152.9908307,"368 Wardell St, Enoggera QLD 4051, Australia"
372 Wardell Street Enoggera 4051,,-27.4202979,152.9908767,"372 Wardell St, Enoggera QLD 4051, Australia"